{
  "posts": [
    {
      "id": 1,
      "title": "json-server",
      "author": "typicode"
    },
    {
      "title": "\"welcome\"",
      "author": "venkat",
      "id": 2
    },
    {
      "title": "xyz",
      "author": "abcd",
      "id": 3
    }
  ],
  "comments": [
    {
      "body": "'242asfsd'",
      "postId": "4",
      "id": 1
    },
    {
      "body": "'242asfsd'",
      "postId": "1",
      "id": 2
    },
    {
      "body": "'242asfsd'",
      "postId": "2",
      "id": 3
    },
    {
      "body": "'242asfsd'",
      "postId": "1",
      "id": 4
    }
  ],
  "profile": {
    "name": "typicode"
  }
}